{"cameraMode":{"drawMode":0,"name":"Shaded","section":"Shading Mode"},"sceneLighting":true,"audioPlay":false,"sceneViewState":{"m_AlwaysRefresh":false,"showFog":true,"showSkybox":true,"showFlares":true,"showImageEffects":true,"showParticleSystems":true,"showVisualEffectGraphs":true,"m_FxEnabled":true},"in2DMode":false,"pivot":{"x":7.678452014923096,"y":1.9049896001815797,"z":1.1894760131835938},"rotation":{"x":-0.017997795715928079,"y":-0.011997614987194538,"z":-0.00021590081450995058,"w":0.9997676610946655},"size":7.363651275634766,"orthographic":true}