{"cameraMode":{"drawMode":0,"name":"Shaded","section":"Shading Mode"},"sceneLighting":true,"audioPlay":false,"sceneViewState":{"m_AlwaysRefresh":false,"showFog":true,"showSkybox":true,"showFlares":true,"showImageEffects":true,"showParticleSystems":true,"showVisualEffectGraphs":true,"m_FxEnabled":true},"in2DMode":false,"pivot":{"x":9.793292999267579,"y":-0.8749732971191406,"z":3.7217750549316408},"rotation":{"x":-0.017997795715928079,"y":-0.011997614987194538,"z":-0.00021590081450995058,"w":0.9997676610946655},"size":5.820685863494873,"orthographic":true}