{"cameraMode":{"drawMode":0,"name":"Shaded","section":"Shading Mode"},"sceneLighting":true,"audioPlay":false,"sceneViewState":{"m_AlwaysRefresh":false,"showFog":true,"showSkybox":true,"showFlares":true,"showImageEffects":true,"showParticleSystems":true,"showVisualEffectGraphs":true,"m_FxEnabled":true},"in2DMode":false,"pivot":{"x":7.821763038635254,"y":-0.5786150097846985,"z":-20.334186553955079},"rotation":{"x":-0.017997795715928079,"y":-0.011997614987194538,"z":-0.00021590081450995058,"w":0.9997676610946655},"size":6.432266712188721,"orthographic":true}