{"cameraMode":{"drawMode":0,"name":"Shaded","section":"Shading Mode"},"sceneLighting":false,"audioPlay":false,"sceneViewState":{"m_AlwaysRefresh":false,"showFog":true,"showSkybox":false,"showFlares":true,"showImageEffects":true,"showParticleSystems":true,"showVisualEffectGraphs":true,"m_FxEnabled":true},"in2DMode":false,"pivot":{"x":-3.9000000953674318,"y":0.5469999313354492,"z":21.767906188964845},"rotation":{"x":-0.017997795715928079,"y":-0.011997614987194538,"z":-0.00021590081450995058,"w":0.9997676610946655},"size":2.123676061630249,"orthographic":true}