{"cameraMode":{"drawMode":0,"name":"Shaded","section":"Shading Mode"},"sceneLighting":false,"audioPlay":false,"sceneViewState":{"m_AlwaysRefresh":false,"showFog":true,"showSkybox":false,"showFlares":true,"showImageEffects":true,"showParticleSystems":true,"showVisualEffectGraphs":true,"m_FxEnabled":true},"in2DMode":false,"pivot":{"x":-1.0497186183929444,"y":0.21214129030704499,"z":1.4232938289642335},"rotation":{"x":-0.017997795715928079,"y":-0.011997614987194538,"z":-0.00021590081450995058,"w":0.9997676610946655},"size":2.1881744861602785,"orthographic":true}